execution_id	baseline_text	baseline_structured	compact_text	compact_structured	baseline_sum	compact_sum
task-01-grant	44	185	12	21	229	33
task-02-window	45	1053	48	21	1098	69
task-03-control	46	911	54	21	957	75
task-04-repeat	45	397	15	21	442	36
task-05-act	163	535	48	21	698	69
task-06-confirm	46	400	15	21	446	36
task-07-capture-discover	55	314	20	21	369	41
task-07-capture	46	238	25	21	284	46
task-08-broad	115	340	83	162	455	245
COMMON_TOTAL					4978	650
extra_compact_calls=
metric=UTF-8 text bytes plus compact structured JSON bytes, without MCP envelope, tool arguments, model tokenizer or cache
